{"cameraMode":{"drawMode":0,"name":"Shaded","section":"Shading Mode"},"sceneLighting":true,"audioPlay":false,"sceneViewState":{"showFog":true,"showMaterialUpdate":false,"showSkybox":true,"showFlares":true,"showImageEffects":true,"showParticleSystems":true},"in2DMode":false,"pivot":{"x":47.900001525878909,"y":19.020000457763673,"z":47.79999923706055},"rotation":{"x":-0.19465579092502595,"y":0.7192919254302979,"z":-0.22274714708328248,"w":-0.6285797357559204},"size":110.85600280761719,"orthographic":false}