{"cameraMode":{"drawMode":0,"name":"Shaded","section":"Shading Mode"},"sceneLighting":false,"audioPlay":false,"sceneViewState":{"showFog":true,"showMaterialUpdate":false,"showSkybox":false,"showFlares":true,"showImageEffects":true,"showParticleSystems":true},"in2DMode":false,"pivot":{"x":60.94847869873047,"y":20.241661071777345,"z":7.6169538497924809},"rotation":{"x":0.3032892644405365,"y":0.12247525155544281,"z":-0.03934098780155182,"w":0.9441767334938049},"size":8.387360572814942,"orthographic":false}