{"cameraMode":{"drawMode":0,"name":"Shaded","section":"Shading Mode"},"sceneLighting":true,"audioPlay":false,"sceneViewState":{"showFog":true,"showMaterialUpdate":false,"showSkybox":true,"showFlares":true,"showImageEffects":true,"showParticleSystems":true},"in2DMode":false,"pivot":{"x":61.00880432128906,"y":21.297147750854493,"z":5.148086071014404},"rotation":{"x":0.40665125846862795,"y":-0.009596284478902817,"z":0.0042718807235360149,"w":0.9135236740112305},"size":80.90801239013672,"orthographic":false}